Country,Year,Adult populaiton,Income group,Account ownership (%),Bank account (%),Mobile/Internet payments (%),Mobile money account (% ),Digital payment (%),Made digital payment (%),Received digital payment (%),Online shopping (%),Bill payments (%),Sent money (%),In-store payment (%),First In-store payment Post-COVID (%),Online payment (%),First online payment Post-covid (%)
Afghanistan,2011,15124473,Low income,9%,9%,,,,,,,,,,,,
Afghanistan,2014,17300802,Low income,10%,10%,,0%,6%,4%,4%,,,,,,,
Afghanistan,2017,19718214,Low income,15%,15%,,1%,11%,4%,9%,0%,0%,,,,,
Afghanistan,2021,22647496,Low income,10%,10%,,0%,8%,5%,4%,0%,0%,0%,0%,,,
Albania,2011,2258900,Upper middle income,28%,28%,,,,,,,,,,,,
Albania,2014,2320235,Upper middle income,38%,38%,,,22%,12%,17%,,,,,,,
Albania,2017,2347367,Upper middle income,40%,39%,,2%,29%,14%,22%,7%,2%,,,,,
Albania,2021,2348634,Upper middle income,44%,44%,8%,,35%,18%,28%,17%,5%,4%,12%,9%,4%,
Algeria,2011,26161802,Lower middle income,33%,33%,,,,,,,,,,,,
Algeria,2014,27492610,Lower middle income,50%,50%,,,28%,12%,24%,,,,,,,
Algeria,2017,28736970,Lower middle income,43%,43%,,,26%,16%,17%,3%,2%,,,,,
Algeria,2021,30352150,Lower middle income,44%,44%,4%,,34%,13%,30%,8%,4%,5%,5%,,,
Angola,2011,12369092,Lower middle income,39%,39%,,,,,,,,,,,,
Angola,2014,13734924,Lower middle income,29%,29%,,,25%,19%,16%,,,,,,,
Argentina,2011,30168788,Upper middle income,33%,33%,,,,,,,,,,,,
Argentina,2014,31436980,Upper middle income,50%,50%,,0%,40%,31%,30%,,,,,,,
Argentina,2017,32658140,Upper middle income,49%,48%,,2%,40%,32%,27%,14%,13%,,,,6%,
Argentina,2021,34288808,Upper middle income,72%,66%,34%,35%,65%,59%,37%,32%,32%,28%,42%,13%,24%,6%
Armenia,2011,2317369,Upper middle income,17%,17%,,,,,,,,,,,,
Armenia,2014,2327779,Upper middle income,18%,17%,,1%,12%,7%,9%,,,,,,,
Armenia,2017,2341277,Upper middle income,48%,45%,,10%,42%,32%,27%,9%,11%,,,,,
Armenia,2021,2345923,Upper middle income,55%,52%,16%,17%,47%,40%,31%,16%,20%,15%,12%,4%,8%,
Australia,2011,17838594,High income,99%,99%,,,,,,,,,,,,
Australia,2014,18752160,High income,99%,99%,,,97%,93%,89%,,,,,,,
Australia,2017,19606172,High income,100%,100%,,,96%,94%,79%,68%,68%,,,,0%,
Australia,2021,20731388,High income,99%,99%,83%,,99%,97%,87%,77%,77%,63%,,,,
Austria,2011,7132590,High income,97%,97%,,,,,,,,,,,,
Austria,2014,7271094,High income,97%,97%,,,94%,90%,74%,,,,,,,
Austria,2017,7498625,High income,98%,98%,,,96%,94%,75%,44%,52%,,,,0%,
Austria,2021,7632042,High income,100%,100%,65%,,99%,99%,58%,64%,62%,36%,,,,
Azerbaijan,2011,6986745,Upper middle income,15%,15%,,,,,,,,,,,,
Azerbaijan,2014,7286026,Upper middle income,29%,29%,,,20%,9%,18%,,,,,,,
Azerbaijan,2017,7500114,Upper middle income,29%,29%,,,25%,10%,22%,5%,7%,,,,,
Azerbaijan,2022,7732693,Upper middle income,46%,46%,14%,,43%,28%,30%,9%,16%,16%,16%,10%,,
Bahrain,2011,988825,High income,65%,65%,,,,,,,,,,,,
Bahrain,2014,1045289,High income,82%,82%,,,70%,64%,46%,,,,,,,
Bahrain,2017,1135075,High income,83%,83%,,,77%,69%,59%,25%,37%,,,,0%,
Bangladesh,2011,100370568,Lower middle income,32%,32%,,,,,,,,,,,,
Bangladesh,2014,106407880,Lower middle income,31%,29%,,3%,8%,6%,3%,,,,,,,
Bangladesh,2017,112553880,Lower middle income,50%,41%,,21%,34%,30%,16%,1%,2%,,,,,
Bangladesh,2021,120627496,Lower middle income,53%,38%,4%,29%,45%,41%,26%,3%,11%,18%,3%,,,
Belarus,2011,8076893,Upper middle income,59%,59%,,,,,,,,,,,,
Belarus,2014,7987967,Upper middle income,72%,72%,,,66%,46%,64%,,,,,,,
Belarus,2017,7932437,Upper middle income,81%,81%,,,79%,69%,73%,30%,42%,,,,17%,
Belgium,2011,9056112,High income,96%,96%,,,,,,,,,,,,
Belgium,2014,9267396,High income,98%,98%,,,96%,93%,76%,,,,,,,
Belgium,2017,9403188,High income,99%,99%,,,97%,96%,72%,57%,67%,,,,0%,
Belgium,2021,9587552,High income,99%,99%,78%,,97%,97%,77%,68%,78%,57%,,,,
Belize,2014,229859,Lower middle income,48%,48%,,,28%,17%,19%,,,,,,,
Benin,2011,5165748,Lower middle income,10%,10%,,,,,,,,,,,,
Benin,2014,5659373,Lower middle income,17%,16%,,2%,8%,5%,6%,,,,,,,
Benin,2017,6211631,Lower middle income,38%,32%,,18%,28%,25%,16%,3%,3%,,,,,
Benin,2021,7038174,Lower middle income,49%,24%,5%,37%,44%,42%,25%,4%,7%,31%,3%,,,
Bhutan,2014,506008,Lower middle income,34%,34%,,,17%,13%,10%,,,,,,,
Bolivia,2011,6582885,Lower middle income,28%,28%,,,,,,,,,,,,
Bolivia,2014,7035171,Lower middle income,42%,41%,,3%,28%,21%,17%,,,,,,,
Bolivia,2017,7503466,Lower middle income,54%,51%,,7%,40%,33%,21%,5%,6%,,,,,
Bolivia,2021,8147430,Lower middle income,69%,68%,17%,13%,55%,48%,32%,12%,14%,15%,14%,7%,6%,
Bosnia and Herzegovina,2011,3122345,Upper middle income,56%,56%,,,,,,,,,,,,
Bosnia and Herzegovina,2014,2998246,Upper middle income,53%,53%,,,33%,23%,24%,,,,,,,
Bosnia and Herzegovina,2017,2880993,Upper middle income,59%,59%,,,50%,32%,41%,12%,8%,,,,2%,
Bosnia and Herzegovina,2021,2804360,Upper middle income,79%,79%,18%,,67%,51%,55%,31%,13%,7%,37%,9%,8%,
Botswana,2011,1292247,Upper middle income,30%,30%,,,,,,,,,,,,
Botswana,2014,1342551,Upper middle income,52%,49%,,21%,46%,38%,38%,,,,,,,
Botswana,2017,1410120,Upper middle income,51%,45%,,24%,42%,34%,30%,4%,9%,,,,,
Botswana,2022,1566095,Upper middle income,59%,50%,21%,37%,52%,46%,36%,9%,20%,30%,24%,9%,,
Brazil,2011,147130928,Upper middle income,56%,56%,,,,,,,,,,,,
Brazil,2014,154122960,Upper middle income,68%,68%,,1%,59%,47%,39%,,,,,,,
Brazil,2017,160705088,Upper middle income,70%,70%,,5%,58%,46%,39%,14%,11%,,,,8%,
Brazil,2021,168540064,Upper middle income,84%,84%,43%,27%,77%,71%,50%,35%,43%,33%,50%,16%,28%,4%
Bulgaria,2011,6397465,Upper middle income,53%,53%,,,,,,,,,,,,
Bulgaria,2014,6252560,Upper middle income,63%,63%,,,52%,38%,44%,,,,,,,
Bulgaria,2017,6107376,Upper middle income,72%,72%,,,65%,41%,58%,22%,13%,,,,7%,
Bulgaria,2021,5910399,Upper middle income,84%,84%,36%,,75%,68%,53%,39%,31%,21%,48%,10%,15%,2%
Burkina Faso,2011,8391959,Low income,13%,13%,,,,,,,,,,,,
Burkina Faso,2014,9229827,Low income,14%,13%,,3%,8%,6%,6%,,,,,,,
Burkina Faso,2017,10183211,Low income,43%,23%,,33%,39%,34%,27%,2%,4%,,,,,
Burkina Faso,2021,11628431,Low income,36%,21%,7%,25%,33%,31%,17%,5%,10%,23%,5%,,,
Burundi,2011,4759410,Low income,7%,7%,,,,,,,,,,,,
Burundi,2014,5214324,Low income,7%,7%,,1%,4%,2%,3%,,,,,,,
Cambodia,2011,9542433,Lower middle income,4%,4%,,,,,,,,,,,,
Cambodia,2014,10201258,Lower middle income,22%,13%,,13%,18%,16%,9%,,,,,,,
Cambodia,2017,10817360,Lower middle income,22%,18%,,6%,16%,12%,7%,3%,1%,,,,,
Cambodia,2021,11548637,Lower middle income,33%,33%,5%,7%,26%,19%,15%,4%,2%,4%,2%,,,
Cameroon,2011,11454002,Lower middle income,15%,15%,,,,,,,,,,,,
Cameroon,2014,12475047,Lower middle income,12%,11%,,2%,8%,5%,6%,,,,,,,
Cameroon,2017,13622939,Lower middle income,35%,27%,,15%,29%,25%,19%,3%,4%,,,,,
Cameroon,2021,15379630,Lower middle income,52%,24%,8%,42%,50%,48%,34%,5%,12%,37%,8%,,,
Canada,2011,28397968,High income,96%,96%,,,,,,,,,,,,
Canada,2014,29411002,High income,99%,99%,,,97%,95%,84%,,,,,,,
Canada,2017,30368788,High income,100%,100%,,,98%,97%,78%,69%,72%,,,,0%,
Canada,2021,32009816,High income,100%,100%,77%,,98%,98%,81%,70%,75%,63%,,,,
Central African Republic,2011,2454128,Low income,3%,3%,,,,,,,,,,,,
Central African Republic,2017,2497788,Low income,14%,14%,,,9%,6%,6%,2%,4%,,,,,
Chad,2011,6123454,Low income,9%,9%,,,,,,,,,,,,
Chad,2014,6830551,Low income,12%,8%,,6%,10%,7%,6%,,,,,,,
Chad,2017,7624681,Low income,22%,9%,,15%,19%,17%,14%,2%,1%,,,,,
Chad,2022,8789428,Low income,24%,18%,4%,12%,18%,16%,12%,4%,5%,14%,7%,,,
Chile,2011,13294823,High income,42%,42%,,,,,,,,,,,,
Chile,2014,13865163,High income,63%,63%,,4%,55%,47%,37%,,,,,,,
Chile,2017,14512743,High income,74%,74%,,19%,65%,56%,46%,23%,24%,,,,15%,
Chile,2021,15438493,High income,87%,87%,56%,,84%,78%,72%,49%,52%,43%,64%,14%,42%,8%
China,2011,1088089856,Upper middle income,64%,64%,,,,,,,,,,,,
China,2014,1109792640,Upper middle income,79%,79%,,,49%,38%,37%,,,,,,,
China,2017,1130579584,Upper middle income,80%,80%,,,67%,59%,35%,44%,38%,,,,37%,
China,2021,1153772544,Upper middle income,89%,89%,67%,,86%,85%,52%,80%,60%,69%,79%,8%,71%,4%
Colombia,2011,32891138,Upper middle income,30%,30%,,,,,,,,,,,,
Colombia,2014,34615780,Upper middle income,39%,38%,,2%,33%,24%,25%,,,,,,,
Colombia,2017,36590988,Upper middle income,46%,45%,,5%,37%,29%,25%,8%,8%,,,,,
Colombia,2021,39595244,Upper middle income,60%,56%,20%,22%,52%,42%,33%,15%,19%,21%,19%,7%,10%,
Comoros,2011,406616,Lower middle income,22%,22%,,,,,,,,,,,,
Comoros,2022,530280,Lower middle income,34%,31%,4%,8%,20%,15%,12%,2%,4%,5%,2%,,,
"Congo, Dem. Rep.",2011,34773700,Low income,4%,4%,,,,,,,,,,,,
"Congo, Dem. Rep.",2014,38256796,Low income,17%,11%,,9%,15%,9%,11%,,,,,,,
"Congo, Dem. Rep.",2017,42273480,Low income,26%,15%,,16%,22%,20%,12%,2%,2%,,,,,
"Congo, Dem. Rep.",2022,48546588,Low income,27%,10%,,23%,26%,24%,16%,3%,5%,18%,4%,,,
"Congo, Rep.",2011,2494380,Lower middle income,10%,10%,,,,,,,,,,,,
"Congo, Rep.",2014,2676765,Lower middle income,17%,17%,,2%,9%,6%,7%,,,,,,,
"Congo, Rep.",2017,2885210,Lower middle income,26%,23%,,6%,18%,14%,11%,2%,3%,,,,,
"Congo, Rep.",2021,3240761,Lower middle income,47%,18%,5%,37%,44%,43%,23%,5%,10%,29%,7%,,,
Costa Rica,2011,3464722,Upper middle income,50%,50%,,,,,,,,,,,,
Costa Rica,2014,3655052,Upper middle income,65%,65%,,,53%,43%,34%,,,,,,,
Costa Rica,2017,3828801,Upper middle income,68%,68%,,,59%,46%,41%,18%,21%,,,,12%,
Costa Rica,2021,4033111,Upper middle income,68%,68%,36%,,59%,53%,38%,23%,33%,33%,38%,12%,20%,7%
Cote d'Ivoire,2014,12584810,Lower middle income,34%,15%,,24%,30%,28%,18%,,,,,,,
Cote d'Ivoire,2017,13726381,Lower middle income,41%,15%,,34%,38%,35%,24%,3%,6%,,,,,
Cote d'Ivoire,2021,15429056,Lower middle income,51%,21%,7%,40%,48%,46%,28%,6%,19%,26%,5%,,,
Croatia,2011,3632101,High income,88%,88%,,,,,,,,,,,,
Croatia,2014,3619719,High income,86%,86%,,,76%,63%,61%,,,,,,,
Croatia,2017,3571928,High income,86%,86%,,,83%,75%,71%,30%,45%,,,,17%,
Croatia,2021,3458674,High income,92%,92%,42%,,87%,75%,77%,44%,43%,27%,60%,9%,25%,3%
Cyprus,2011,914164,High income,85%,85%,,,,,,,,,,,,
Cyprus,2014,947093,High income,90%,90%,,,74%,56%,56%,,,,,,,
Cyprus,2017,972746,High income,89%,89%,,,80%,66%,59%,32%,29%,,,,0%,
Cyprus,2021,1007215,High income,93%,93%,56%,,87%,79%,64%,46%,50%,35%,,,,
Czech Republic,2011,8982700,High income,81%,81%,,,,,,,,,,,,
Czech Republic,2014,8969054,High income,82%,82%,,,80%,73%,69%,,,,,,,
Czech Republic,2017,8959594,High income,81%,81%,,,80%,76%,68%,54%,57%,,,,26%,
Czech Republic,2021,9013226,High income,95%,95%,76%,,94%,93%,76%,75%,71%,55%,85%,9%,53%,6%
Denmark,2011,4551890,High income,100%,100%,,,,,,,,,,,,
Denmark,2014,4644400,High income,100%,100%,,,100%,98%,93%,,,,,,,
Denmark,2017,4777317,High income,100%,100%,,,99%,98%,84%,78%,82%,,,,0%,
Denmark,2021,4881950,High income,100%,100%,93%,,100%,100%,89%,87%,83%,89%,,,,
Djibouti,2011,566594,Lower middle income,12%,12%,,,,,,,,,,,,
Dominican Republic,2011,6727407,Upper middle income,38%,38%,,,,,,,,,,,,
Dominican Republic,2014,7086779,Upper middle income,54%,54%,,2%,38%,22%,31%,,,,,,,
Dominican Republic,2017,7430891,Upper middle income,56%,55%,,4%,44%,33%,30%,7%,9%,,,,,
Dominican Republic,2021,7871311,Upper middle income,51%,50%,11%,8%,39%,26%,27%,8%,9%,8%,12%,5%,,
Ecuador,2011,10352074,Upper middle income,37%,37%,,,,,,,,,,,,
Ecuador,2014,11024669,Upper middle income,46%,46%,,,25%,16%,15%,,,,,,,
Ecuador,2017,11757024,Upper middle income,51%,51%,,3%,32%,22%,20%,6%,6%,,,,,
Ecuador,2021,12810286,Upper middle income,64%,64%,17%,,47%,40%,25%,13%,17%,14%,15%,7%,6%,
"Egypt, Arab Rep.",2011,55817356,Lower middle income,10%,10%,,,,,,,,,,,,
"Egypt, Arab Rep.",2014,59284840,Lower middle income,14%,14%,,1%,8%,5%,4%,,,,,,,
"Egypt, Arab Rep.",2017,62669924,Lower middle income,33%,32%,,2%,23%,6%,21%,2%,2%,,,,,
"Egypt, Arab Rep.",2021,67621520,Lower middle income,27%,26%,2%,3%,20%,8%,17%,3%,1%,3%,3%,,,
El Salvador,2011,4227256,Lower middle income,14%,14%,,,,,,,,,,,,
El Salvador,2014,4415028,Lower middle income,37%,35%,,5%,31%,21%,22%,,,,,,,
El Salvador,2017,4585851,Lower middle income,30%,29%,,4%,24%,18%,15%,3%,4%,,,,,
El Salvador,2021,4761482,Lower middle income,36%,31%,7%,11%,28%,18%,20%,9%,8%,9%,10%,,,
Estonia,2011,1129981,High income,97%,97%,,,,,,,,,,,,
Estonia,2014,1110955,High income,98%,98%,,,96%,94%,85%,,,,,,,
Estonia,2017,1103544,High income,98%,98%,,,97%,94%,87%,47%,72%,,,,43%,
Estonia,2021,1111457,High income,99%,99%,85%,,99%,98%,93%,68%,85%,74%,94%,3%,67%,1%
Eswatini,2011,636901,Lower middle income,29%,29%,,,,,,,,,,,,
Eswatini,2022,725765,Lower middle income,66%,38%,18%,57%,65%,61%,51%,9%,41%,43%,19%,10%,,
Ethiopia,2014,54083080,Low income,22%,22%,,0%,6%,4%,3%,,,,,,,
Ethiopia,2017,60379288,Low income,35%,35%,,0%,12%,7%,9%,0%,1%,,,,,
Ethiopia,2022,69072840,Low income,46%,46%,6%,5%,20%,14%,11%,2%,3%,5%,2%,,,
Finland,2011,4477188,High income,100%,100%,,,,,,,,,,,,
Finland,2014,4544718,High income,100%,100%,,,99%,98%,84%,,,,,,,
Finland,2017,4597708,High income,100%,100%,,,98%,98%,76%,61%,86%,,,,0%,
Finland,2021,4653264,High income,100%,100%,90%,,98%,98%,81%,70%,88%,68%,,,,
France,2011,53011824,High income,97%,97%,,,,,,,,,,,,
France,2014,53809876,High income,97%,97%,,,93%,90%,71%,,,,,,,
France,2017,54549936,High income,94%,94%,,,92%,90%,68%,56%,43%,,,,0%,
France,2021,55494504,High income,99%,99%,55%,,98%,98%,52%,53%,44%,29%,,,,
Gabon,2011,1016177,Upper middle income,19%,19%,,,,,,,,,,,,
Gabon,2014,1151913,Upper middle income,33%,30%,,7%,23%,17%,17%,,,,,,,
Gabon,2017,1273226,Upper middle income,59%,34%,,44%,54%,50%,38%,6%,14%,,,,,
Gabon,2021,1396335,Upper middle income,66%,28%,8%,57%,66%,62%,42%,10%,41%,51%,16%,9%,3%,
"Gambia, The",2017,1193771,Low income,29%,29%,,,19%,12%,13%,1%,2%,,,,,
"Gambia, The",2022,1354540,Low income,33%,31%,4%,4%,22%,16%,13%,4%,7%,8%,3%,,,
Georgia,2011,3106794,Upper middle income,33%,33%,,,,,,,,,,,,
Georgia,2014,3031778,Upper middle income,40%,40%,,,24%,13%,20%,,,,,,,
Georgia,2017,3009940,Upper middle income,61%,61%,,2%,53%,29%,46%,4%,12%,,,,,
Georgia,2021,2963014,Upper middle income,70%,70%,27%,8%,62%,46%,47%,15%,25%,19%,30%,6%,12%,1%
Germany,2011,70681120,High income,98%,98%,,,,,,,,,,,,
Germany,2014,69894680,High income,99%,99%,,,96%,93%,71%,,,,,,,
Germany,2017,71383696,High income,99%,99%,,,98%,97%,74%,67%,58%,,,,0%,
Germany,2021,71623816,High income,100%,100%,61%,,99%,99%,62%,60%,57%,31%,,,,
Ghana,2011,15044580,Lower middle income,29%,29%,,,,,,,,,,,,
Ghana,2014,16324149,Lower middle income,41%,35%,,13%,26%,20%,18%,,,,,,,
Ghana,2017,17652342,Lower middle income,58%,42%,,39%,49%,43%,36%,4%,5%,,,,,
Ghana,2021,19535202,Lower middle income,68%,39%,20%,60%,66%,64%,53%,9%,10%,51%,13%,5%,,
Greece,2011,9447028,High income,78%,78%,,,,,,,,,,,,
Greece,2014,9340478,High income,88%,88%,,,61%,23%,56%,,,,,,,
Greece,2017,9229051,High income,85%,85%,,,74%,57%,60%,22%,17%,,,,10%,
Greece,2021,9252242,High income,95%,95%,65%,,91%,88%,69%,61%,63%,41%,75%,8%,41%,5%
Guatemala,2011,8646218,Upper middle income,22%,22%,,,,,,,,,,,,
Guatemala,2014,9406695,Upper middle income,41%,41%,,2%,29%,20%,18%,,,,,,,
Guatemala,2017,10183554,Upper middle income,44%,44%,,2%,33%,27%,16%,5%,4%,,,,,
Guatemala,2022,11237355,Upper middle income,37%,35%,6%,5%,26%,22%,11%,9%,6%,3%,8%,,,
Guinea,2011,5485941,Low income,4%,4%,,,,,,,,,,,,
Guinea,2014,5932228,Low income,7%,6%,,1%,6%,4%,5%,,,,,,,
Guinea,2017,6497888,Low income,23%,15%,,14%,20%,16%,13%,3%,3%,,,,,
Guinea,2021,7479263,Low income,30%,14%,3%,22%,28%,25%,17%,4%,4%,16%,5%,,,
Haiti,2011,6340959,Lower middle income,22%,22%,,,,,,,,,,,,
Haiti,2014,6745282,Lower middle income,19%,17%,,4%,13%,8%,8%,,,,,,,
Haiti,2017,7154106,Lower middle income,33%,28%,,14%,28%,23%,19%,3%,7%,,,,,
Honduras,2011,5191675,Lower middle income,21%,21%,,,,,,,,,,,,
Honduras,2014,5694820,Lower middle income,31%,30%,,3%,23%,19%,14%,,,,,,,
Honduras,2017,6211392,Lower middle income,45%,43%,,6%,37%,30%,20%,4%,4%,,,,,
Honduras,2021,6874969,Lower middle income,38%,34%,5%,9%,32%,28%,15%,8%,11%,13%,8%,,,
"Hong Kong SAR, China",2011,6186301,High income,89%,89%,,,,,,,,,,,,
"Hong Kong SAR, China",2014,6380608,High income,96%,96%,,,85%,76%,63%,,,,,,,
"Hong Kong SAR, China",2017,6515074,High income,95%,95%,,,85%,77%,57%,43%,45%,,,,0%,
"Hong Kong SAR, China",2021,6533674,High income,98%,98%,70%,,93%,87%,73%,61%,64%,61%,,,,
Hungary,2011,8514030,High income,73%,73%,,,,,,,,,,,,
Hungary,2014,8456143,High income,72%,72%,,,67%,58%,51%,,,,,,,
Hungary,2017,8403648,High income,75%,75%,,,71%,62%,54%,29%,30%,,,,15%,
Hungary,2021,8344953,High income,88%,88%,58%,,86%,81%,75%,56%,54%,40%,74%,7%,42%,2%
Iceland,2017,267867,High income,,,,,,,,,,,,,,
Iceland,2021,295250,High income,100%,100%,87%,,100%,100%,89%,72%,81%,70%,,,,
India,2011,853995904,Lower middle income,35%,35%,,,,,,,,,,,,
India,2014,903921920,Lower middle income,53%,53%,,2%,22%,16%,12%,,,,,,,
India,2017,954547392,Lower middle income,80%,80%,,2%,29%,20%,16%,3%,3%,,,,,
India,2021,1018986816,Lower middle income,78%,77%,12%,10%,35%,25%,19%,8%,10%,10%,11%,7%,,
Indonesia,2011,172118016,Lower middle income,20%,20%,,,,,,,,,,,,
Indonesia,2014,181204480,Lower middle income,36%,36%,,0%,23%,16%,18%,,,,,,,
Indonesia,2017,190327568,Lower middle income,49%,48%,,3%,35%,27%,21%,10%,4%,,,,,
Indonesia,2021,202582512,Lower middle income,52%,51%,12%,9%,37%,29%,23%,18%,8%,8%,10%,7%,6%,
"Iran, Islamic Rep.",2011,56026860,Lower middle income,74%,74%,,,,,,,,,,,,
"Iran, Islamic Rep.",2014,58369548,Lower middle income,92%,92%,,4%,87%,72%,75%,,,,,,,
"Iran, Islamic Rep.",2017,60442496,Lower middle income,94%,93%,,26%,90%,79%,65%,26%,40%,,,,0%,
"Iran, Islamic Rep.",2021,63209152,Lower middle income,90%,90%,48%,12%,84%,80%,52%,31%,36%,33%,,,,
Iraq,2011,17307938,Upper middle income,11%,11%,,,,,,,,,,,,
Iraq,2014,19793064,Upper middle income,11%,11%,,,4%,3%,3%,,,,,,,
Iraq,2017,22295418,Upper middle income,23%,20%,,4%,19%,11%,11%,9%,8%,,,,,
Iraq,2021,25053090,Upper middle income,19%,16%,1%,5%,14%,10%,8%,21%,6%,8%,6%,,1%,
Ireland,2011,3612291,High income,94%,94%,,,,,,,,,,,,
Ireland,2014,3628378,High income,95%,95%,,,90%,85%,73%,,,,,,,
Ireland,2017,3720797,High income,95%,95%,,,94%,91%,66%,59%,52%,,,,0%,
Ireland,2021,3954210,High income,100%,100%,71%,,98%,98%,67%,72%,63%,50%,,,,
Israel,2011,5545143,High income,90%,90%,,,,,,,,,,,,
Israel,2014,5829447,High income,90%,90%,,,87%,81%,79%,,,,,,,
Israel,2017,6159242,High income,93%,93%,,,91%,86%,79%,40%,38%,,,,37%,
Israel,2021,6651978,High income,93%,93%,57%,,91%,87%,78%,51%,47%,20%,80%,8%,44%,2%
Italy,2011,50931872,High income,71%,71%,,,,,,,,,,,,
Italy,2014,51836484,High income,87%,87%,,,73%,66%,52%,,,,,,,
Italy,2017,52379332,High income,94%,94%,,,90%,86%,54%,55%,40%,,,,0%,
Italy,2021,51819568,High income,97%,97%,59%,,96%,93%,55%,56%,33%,26%,,,,
Jamaica,2011,2051247,Upper middle income,71%,71%,,,,,,,,,,,,
Jamaica,2014,2131392,Upper middle income,78%,78%,,1%,47%,35%,30%,,,,,,,
Jamaica,2021,2269489,Upper middle income,73%,73%,19%,13%,50%,40%,32%,16%,12%,11%,23%,6%,11%,1%
Japan,2011,110966528,High income,96%,96%,,,,,,,,,,,,
Japan,2014,110665704,High income,97%,97%,,,89%,80%,63%,,,,,,,
Japan,2017,110593984,High income,98%,98%,,,95%,89%,80%,46%,24%,,,,0%,
Japan,2021,110171256,High income,98%,98%,44%,,96%,89%,87%,53%,31%,13%,,,,
Jordan,2011,4540092,Upper middle income,25%,25%,,,,,,,,,,,,
Jordan,2014,5381565,Upper middle income,25%,25%,,0%,13%,8%,9%,,,,,,,
Jordan,2017,6166153,Upper middle income,42%,42%,,1%,33%,14%,26%,7%,2%,,,,,
Jordan,2021,6851016,Upper middle income,47%,43%,7%,11%,36%,21%,27%,14%,10%,5%,11%,6%,4%,
Kazakhstan,2011,12395648,Upper middle income,42%,42%,,,,,,,,,,,,
Kazakhstan,2014,12706725,Upper middle income,54%,54%,,,47%,23%,42%,,,,,,,
Kazakhstan,2017,12934943,Upper middle income,59%,59%,,,54%,38%,43%,15%,21%,,,,8%,
Kazakhstan,2021,13288614,Upper middle income,81%,81%,51%,,78%,67%,55%,38%,51%,47%,56%,12%,31%,6%
Kenya,2011,23771988,Lower middle income,42%,42%,,,,,,,,,,,,
Kenya,2014,26216914,Lower middle income,75%,55%,,58%,69%,66%,55%,,,,,,,
Kenya,2017,28988498,Lower middle income,82%,56%,,73%,79%,76%,61%,9%,24%,,,,,
Kenya,2021,33021168,Lower middle income,79%,51%,26%,69%,78%,76%,57%,16%,45%,69%,36%,10%,10%,
"Korea, Rep.",2011,41575108,High income,93%,93%,,,,,,,,,,,,
"Korea, Rep.",2014,43049988,High income,94%,94%,,,88%,83%,68%,,,,,,,
"Korea, Rep.",2017,44304460,High income,95%,95%,,,92%,91%,61%,72%,64%,,,,0%,
"Korea, Rep.",2021,45285840,High income,99%,99%,83%,,98%,96%,86%,78%,61%,71%,,,,
Kosovo,2011,1348274,Upper middle income,44%,44%,,,,,,,,,,,,
Kosovo,2014,1380496,Upper middle income,48%,48%,,,31%,23%,19%,,,,,,,
Kosovo,2017,1349699,Upper middle income,52%,52%,,,39%,24%,28%,11%,7%,,,,2%,
Kosovo,2021,1348045,Upper middle income,58%,58%,10%,,48%,32%,34%,29%,10%,6%,22%,10%,4%,
Kuwait,2011,2297257,High income,87%,87%,,,,,,,,,,,,
Kuwait,2014,2748621,High income,73%,73%,,,64%,58%,40%,,,,,,,
Kuwait,2017,3114164,High income,80%,80%,,,75%,63%,59%,20%,33%,,,,0%,
Kyrgyz Republic,2011,3819145,Lower middle income,4%,4%,,,,,,,,,,,,
Kyrgyz Republic,2014,3961907,Lower middle income,18%,18%,,,15%,11%,10%,,,,,,,
Kyrgyz Republic,2017,4138999,Lower middle income,40%,38%,,3%,36%,27%,23%,3%,3%,,,,,
Kyrgyz Republic,2021,4439519,Lower middle income,45%,41%,11%,11%,39%,26%,25%,10%,9%,12%,10%,5%,,
Lao PDR,2011,3972474,Lower middle income,27%,27%,,,,,,,,,,,,
Lao PDR,2017,4572636,Lower middle income,29%,29%,,,13%,8%,10%,6%,3%,,,,,
Lao PDR,2021,4951218,Lower middle income,37%,37%,9%,5%,21%,16%,13%,10%,9%,8%,7%,,,
Latvia,2011,1802026,High income,90%,90%,,,,,,,,,,,,
Latvia,2014,1719705,High income,90%,90%,,,87%,82%,80%,,,,,,,
Latvia,2017,1661127,High income,93%,93%,,,91%,83%,85%,35%,58%,,,,29%,
Latvia,2021,1589084,High income,97%,97%,76%,,95%,93%,83%,58%,77%,62%,85%,6%,55%,3%
Lebanon,2011,3674359,Upper middle income,37%,37%,,,,,,,,,,,,
Lebanon,2014,4337588,Upper middle income,47%,47%,,1%,33%,23%,24%,,,,,,,
Lebanon,2017,4901869,Upper middle income,45%,45%,,,33%,27%,19%,14%,6%,,,,2%,
Lebanon,2021,5114386,Upper middle income,21%,21%,1%,,14%,6%,10%,7%,1%,1%,3%,,,
Lesotho,2011,1299374,Lower middle income,18%,18%,,,,,,,,,,,,
Lesotho,2017,1385606,Lower middle income,46%,33%,,28%,38%,33%,25%,2%,8%,,,,,
Lesotho,2022,1451632,Lower middle income,64%,44%,14%,46%,59%,55%,41%,18%,22%,39%,18%,10%,6%,
Liberia,2011,2216740,Low income,19%,19%,,,,,,,,,,,,
Liberia,2017,2669364,Low income,36%,22%,,21%,28%,24%,18%,1%,2%,,,,,
Liberia,2021,3015781,Low income,52%,29%,8%,36%,46%,43%,28%,7%,7%,22%,6%,,,
Libya,2017,4627305,Upper middle income,66%,66%,,,32%,21%,18%,15%,10%,,,,0%,
Lithuania,2011,2639956,High income,74%,74%,,,,,,,,,,,,
Lithuania,2014,2527557,High income,78%,78%,,,73%,56%,69%,,,,,,,
Lithuania,2017,2448268,High income,83%,83%,,,78%,67%,67%,41%,50%,,,,27%,
Lithuania,2021,2362138,High income,94%,94%,67%,,91%,83%,65%,52%,61%,47%,73%,5%,51%,2%
Luxembourg,2011,417506,High income,95%,95%,,,,,,,,,,,,
Luxembourg,2014,451538,High income,96%,96%,,,93%,90%,76%,,,,,,,
Luxembourg,2017,487498,High income,99%,99%,,,98%,97%,76%,51%,65%,,,,0%,
Madagascar,2011,11945976,Low income,6%,6%,,,,,,,,,,,,
Madagascar,2014,13219350,Low income,9%,6%,,4%,5%,5%,3%,,,,,,,
Madagascar,2017,14614332,Low income,18%,10%,,12%,15%,12%,9%,1%,1%,,,,,
Madagascar,2022,16597294,Low income,26%,14%,4%,19%,24%,22%,14%,5%,6%,17%,6%,,,
Malawi,2011,7800292,Low income,17%,17%,,,,,,,,,,,,
Malawi,2014,8594977,Low income,18%,16%,,4%,11%,10%,6%,,,,,,,
Malawi,2017,9517337,Low income,34%,23%,,20%,28%,22%,19%,2%,7%,,,,,
Malawi,2021,10905594,Low income,43%,20%,7%,34%,40%,37%,23%,2%,10%,25%,8%,,,
Malaysia,2011,20320748,Upper middle income,66%,66%,,,,,,,,,,,,
Malaysia,2014,21767478,Upper middle income,81%,81%,,3%,63%,46%,51%,,,,,,,
Malaysia,2017,23100548,Upper middle income,85%,85%,,11%,70%,60%,44%,34%,25%,,,,17%,
Malaysia,2021,24776780,Upper middle income,88%,88%,45%,28%,79%,66%,63%,50%,39%,33%,39%,15%,44%,11%
Maldives,2017,376857,Upper middle income,80%,79%,,23%,68%,61%,50%,34%,27%,,,,21%,
Mali,2011,7902592,Low income,8%,8%,,,,,,,,,,,,
Mali,2014,8562565,Low income,20%,13%,,12%,15%,9%,13%,,,,,,,
Mali,2017,9368170,Low income,35%,18%,,24%,31%,27%,18%,3%,4%,,,,,
Mali,2021,10731464,Low income,44%,28%,10%,29%,38%,34%,28%,3%,9%,26%,11%,8%,,
Malta,2011,352368,High income,95%,95%,,,,,,,,,,,,
Malta,2014,364576,High income,96%,96%,,,79%,71%,62%,,,,,,,
Malta,2017,390660,High income,97%,97%,,,89%,79%,68%,47%,41%,,,,0%,
Malta,2021,449781,High income,96%,96%,61%,,91%,86%,69%,52%,51%,44%,,,,
Mauritania,2011,2052957,Lower middle income,17%,17%,,,,,,,,,,,,
Mauritania,2014,2258450,Lower middle income,23%,20%,,6%,19%,11%,16%,,,,,,,
Mauritania,2017,2481072,Lower middle income,21%,19%,,4%,16%,10%,12%,1%,3%,,,,,
Mauritania,2022,2804438,Lower middle income,23%,20%,6%,10%,20%,17%,14%,4%,9%,15%,6%,,,
Mauritius,2011,976001,Upper middle income,80%,80%,,,,,,,,,,,,
Mauritius,2014,1002667,Upper middle income,82%,82%,,1%,53%,37%,40%,,,,,,,
Mauritius,2017,1024655,Upper middle income,90%,89%,,6%,69%,53%,50%,14%,7%,,,,0%,
Mauritius,2021,1053289,Upper middle income,91%,90%,34%,16%,80%,64%,67%,19%,19%,31%,48%,12%,17%,3%
Mexico,2011,80426768,Upper middle income,27%,27%,,,,,,,,,,,,
Mexico,2014,85133776,Upper middle income,39%,39%,,3%,35%,25%,28%,,,,,,,
Mexico,2017,89657336,Upper middle income,37%,35%,,6%,32%,23%,21%,7%,9%,,,,,
Mexico,2022,95622632,Upper middle income,49%,46%,23%,18%,44%,37%,28%,22%,22%,21%,28%,10%,16%,4%
Moldova,2011,2388874,Upper middle income,18%,18%,,,,,,,,,,,,
Moldova,2014,2403583,Upper middle income,18%,18%,,,15%,8%,13%,,,,,,,
Moldova,2017,2359836,Upper middle income,44%,44%,,,40%,29%,33%,18%,31%,,,,9%,
Moldova,2021,2201892,Upper middle income,64%,64%,25%,,60%,47%,49%,25%,21%,11%,34%,8%,18%,2%
Mongolia,2011,1984934,Lower middle income,78%,78%,,,,,,,,,,,,
Mongolia,2014,2077022,Lower middle income,92%,92%,,5%,72%,51%,59%,,,,,,,
Mongolia,2017,2156769,Lower middle income,93%,93%,,22%,85%,79%,61%,7%,14%,,,,,
Mongolia,2021,2258975,Lower middle income,98%,98%,71%,59%,97%,91%,93%,42%,43%,66%,86%,17%,40%,7%
Montenegro,2011,500228,Upper middle income,50%,50%,,,,,,,,,,,,
Montenegro,2014,504460,Upper middle income,60%,60%,,,44%,28%,36%,,,,,,,
Montenegro,2017,508215,Upper middle income,68%,68%,,,60%,45%,49%,13%,7%,,,,6%,
Morocco,2017,25416284,Lower middle income,29%,28%,,1%,17%,9%,13%,2%,1%,,,,,
Morocco,2021,27030342,Lower middle income,44%,42%,10%,6%,30%,20%,21%,10%,7%,6%,9%,,,
Mozambique,2017,15246946,Low income,42%,33%,,22%,34%,30%,23%,4%,8%,,,,,
Mozambique,2021,17483418,Low income,49%,39%,14%,29%,42%,39%,24%,5%,16%,25%,13%,3%,,
Myanmar,2014,36936764,Lower middle income,23%,23%,,0%,4%,2%,3%,,,,,,,
Myanmar,2017,38548036,Lower middle income,26%,26%,,1%,8%,4%,6%,3%,1%,,,,,
Myanmar,2021,40543136,Lower middle income,48%,36%,17%,29%,40%,37%,21%,20%,17%,26%,11%,8%,11%,3%
Namibia,2014,1406539,Upper middle income,59%,58%,,10%,45%,38%,33%,,,,,,,
Namibia,2017,1488588,Upper middle income,81%,77%,,43%,71%,63%,60%,12%,12%,,,,5%,
Namibia,2021,1604811,Upper middle income,71%,66%,30%,43%,66%,59%,50%,11%,18%,39%,30%,12%,7%,
Nepal,2011,17210382,Lower middle income,25%,25%,,,,,,,,,,,,
Nepal,2014,17600772,Lower middle income,34%,34%,,0%,10%,6%,7%,,,,,,,
Nepal,2017,18451166,Lower middle income,45%,45%,,,16%,9%,11%,2%,1%,,,,,
Nepal,2021,20742576,Lower middle income,54%,53%,7%,6%,29%,19%,19%,4%,6%,8%,5%,,,
Netherlands,2011,13704004,High income,99%,99%,,,,,,,,,,,,
Netherlands,2014,13933986,High income,99%,99%,,,98%,97%,85%,,,,,,,
Netherlands,2017,14207299,High income,100%,100%,,,98%,97%,77%,76%,81%,,,,0%,
Netherlands,2021,14702591,High income,100%,100%,80%,,99%,98%,76%,76%,75%,63%,,,,
New Zealand,2011,3458916,High income,99%,99%,,,,,,,,,,,,
New Zealand,2014,3542286,High income,100%,100%,,,98%,96%,91%,,,,,,,
New Zealand,2017,3780243,High income,99%,99%,,,97%,96%,82%,69%,74%,,,,0%,
New Zealand,2021,4096386,High income,99%,99%,85%,,98%,97%,85%,77%,81%,64%,,,,
Nicaragua,2011,3883570,Lower middle income,14%,14%,,,,,,,,,,,,
Nicaragua,2014,4122688,Lower middle income,19%,19%,,1%,14%,8%,10%,,,,,,,
Nicaragua,2017,4355770,Lower middle income,31%,28%,,4%,25%,18%,16%,3%,5%,,,,,
Nicaragua,2021,4670267,Lower middle income,26%,23%,4%,7%,21%,18%,10%,7%,7%,5%,6%,,,
Niger,2011,8226062,Low income,2%,2%,,,,,,,,,,,,
Niger,2014,9203302,Low income,7%,3%,,4%,6%,4%,4%,,,,,,,
Niger,2017,10361685,Low income,16%,10%,,9%,13%,10%,9%,1%,3%,,,,,
Niger,2022,12182726,Low income,12%,9%,,5%,10%,8%,6%,2%,5%,6%,3%,,,
Nigeria,2011,88705976,Lower middle income,30%,30%,,,,,,,,,,,,
Nigeria,2014,95816536,Lower middle income,44%,44%,,2%,37%,29%,28%,,,,,,,
Nigeria,2017,103940536,Lower middle income,40%,39%,,6%,30%,24%,23%,4%,4%,,,,,
Nigeria,2021,116494408,Lower middle income,45%,45%,15%,9%,34%,29%,25%,3%,8%,16%,9%,,,
North Macedonia,2011,1699961,Upper middle income,74%,74%,,,,,,,,,,,,
North Macedonia,2014,1720763,Upper middle income,72%,72%,,,54%,41%,43%,,,,,,,
North Macedonia,2017,1731635,Upper middle income,77%,77%,,,66%,49%,52%,17%,10%,,,,8%,
North Macedonia,2021,1743577,Upper middle income,85%,85%,30%,,74%,66%,48%,31%,28%,8%,44%,9%,15%,2%
Norway,2014,4150752,High income,100%,100%,,,99%,98%,93%,,,,,,,
Norway,2017,4302680,High income,100%,100%,,,99%,99%,90%,76%,88%,,,,0%,
Norway,2021,4451134,High income,99%,99%,94%,,99%,99%,90%,87%,86%,90%,,,,
Oman,2011,2260120,High income,74%,74%,,,,,,,,,,,,
Pakistan,2011,111790544,Lower middle income,10%,10%,,,,,,,,,,,,
Pakistan,2014,121282024,Lower middle income,13%,9%,,6%,9%,6%,6%,,,,,,,
Pakistan,2017,130938568,Lower middle income,21%,18%,,7%,18%,14%,9%,1%,7%,,,,,
Pakistan,2021,143978592,Lower middle income,21%,16%,2%,9%,18%,15%,8%,1%,6%,6%,1%,,,
Panama,2011,2581549,Upper middle income,25%,25%,,,,,,,,,,,,
Panama,2014,2746966,Upper middle income,44%,43%,,2%,33%,24%,23%,,,,,,,
Panama,2017,2922771,Upper middle income,46%,46%,,4%,35%,25%,21%,6%,6%,,,,,
Panama,2021,3171580,Upper middle income,45%,45%,17%,,36%,29%,24%,14%,18%,19%,18%,7%,10%,
Paraguay,2011,4190207,Upper middle income,22%,22%,,,,,,,,,,,,
Paraguay,2017,4742803,Upper middle income,49%,31%,,29%,45%,37%,28%,3%,4%,,,,,
Paraguay,2021,5071693,Upper middle income,54%,27%,7%,38%,51%,41%,31%,7%,11%,22%,9%,,,
Peru,2011,20291762,Upper middle income,20%,20%,,,,,,,,,,,,
Peru,2014,21206514,Upper middle income,29%,29%,,0%,23%,18%,16%,,,,,,,
Peru,2017,22545070,Upper middle income,43%,42%,,3%,34%,25%,24%,4%,4%,,,,,
Peru,2021,24830392,Upper middle income,57%,56%,20%,14%,49%,38%,34%,16%,20%,19%,21%,8%,11%,4%
Philippines,2011,62026176,Lower middle income,27%,27%,,,,,,,,,,,,
Philippines,2014,66269816,Lower middle income,31%,28%,,4%,21%,18%,14%,,,,,,,
Philippines,2017,70572632,Lower middle income,34%,32%,,5%,25%,14%,20%,9%,3%,,,,,
Philippines,2021,76659992,Lower middle income,51%,46%,18%,22%,43%,39%,28%,36%,21%,27%,17%,8%,8%,
Poland,2011,32253712,High income,70%,70%,,,,,,,,,,,,
Poland,2014,32375908,High income,78%,78%,,,65%,53%,55%,,,,,,,
Poland,2017,32356144,High income,87%,87%,,,82%,79%,62%,48%,51%,,,,33%,
Poland,2021,32175560,High income,96%,96%,72%,,93%,91%,67%,68%,70%,48%,83%,4%,58%,2%
Portugal,2011,8990604,High income,81%,81%,,,,,,,,,,,,
Portugal,2014,8947486,High income,87%,87%,,,75%,70%,50%,,,,,,,
Portugal,2017,8892605,High income,92%,92%,,,86%,81%,58%,25%,30%,,,,0%,
Portugal,2021,8960280,High income,93%,93%,50%,,91%,87%,66%,41%,45%,33%,,,,
Puerto Rico,2014,2892678,High income,70%,70%,,,64%,55%,40%,,,,,,,
Qatar,2011,1617101,High income,66%,66%,,,,,,,,,,,,
Romania,2011,17052826,Upper middle income,45%,45%,,,,,,,,,,,,
Romania,2014,16858358,Upper middle income,61%,61%,,0%,43%,30%,35%,,,,,,,
Romania,2017,16663391,Upper middle income,58%,58%,,3%,47%,33%,41%,16%,12%,,,,4%,
Romania,2021,16292802,Upper middle income,69%,69%,33%,,64%,56%,46%,37%,34%,17%,44%,10%,20%,4%
Russian Federation,2011,121525928,Upper middle income,48%,48%,,,,,,,,,,,,
Russian Federation,2014,120547064,Upper middle income,67%,67%,,,58%,44%,51%,,,,,,,
Russian Federation,2017,119384296,Upper middle income,76%,76%,,,71%,62%,56%,27%,35%,,,,14%,
Russian Federation,2021,117643312,Upper middle income,90%,89%,61%,33%,87%,82%,74%,46%,59%,62%,69%,5%,38%,2%
Rwanda,2011,5869061,Low income,33%,33%,,,,,,,,,,,,
Rwanda,2014,6379524,Low income,42%,38%,,18%,28%,23%,21%,,,,,,,
Rwanda,2017,6963509,Low income,50%,37%,,31%,39%,32%,28%,1%,4%,,,,,
Saudi Arabia,2011,19276344,High income,46%,46%,,,,,,,,,,,,
Saudi Arabia,2014,21913624,High income,69%,69%,,,51%,46%,24%,,,,,,,
Saudi Arabia,2017,24162356,High income,72%,72%,,,61%,57%,34%,25%,31%,,,,0%,
Saudi Arabia,2021,26216154,High income,74%,74%,59%,,73%,72%,57%,62%,62%,57%,,,,
Senegal,2011,7162266,Lower middle income,6%,6%,,,,,,,,,,,,
Senegal,2014,7780881,Lower middle income,15%,12%,,6%,12%,10%,7%,,,,,,,
Senegal,2017,8489699,Lower middle income,42%,20%,,32%,40%,35%,27%,3%,9%,,,,,
Senegal,2021,9612429,Lower middle income,56%,28%,11%,45%,53%,51%,35%,12%,19%,40%,9%,,4%,
Serbia,2011,6027458,Upper middle income,62%,62%,,,,,,,,,,,,
Serbia,2014,5976677,Upper middle income,83%,83%,,,64%,44%,42%,,,,,,,
Serbia,2017,5930598,Upper middle income,71%,71%,,,66%,50%,57%,20%,12%,,,,4%,
Serbia,2021,5846630,Upper middle income,89%,89%,28%,,87%,59%,84%,33%,27%,17%,45%,12%,9%,
Sierra Leone,2011,3654480,Low income,15%,15%,,,,,,,,,,,,
Sierra Leone,2014,3948927,Low income,16%,14%,,4%,13%,9%,9%,,,,,,,
Sierra Leone,2017,4277351,Low income,20%,12%,,11%,16%,13%,12%,1%,3%,,,,,
Sierra Leone,2021,4758780,Low income,29%,14%,3%,19%,27%,25%,15%,1%,4%,20%,3%,,,
Singapore,2011,4366302,High income,98%,98%,,,,,,,,,,,,
Singapore,2014,4685017,High income,96%,96%,,6%,90%,85%,67%,,,,,,,
Singapore,2017,4918190,High income,98%,98%,,10%,90%,84%,69%,48%,50%,,,,43%,
Singapore,2021,4986386,High income,98%,97%,68%,31%,95%,91%,78%,58%,58%,54%,81%,21%,57%,6%
Slovak Republic,2011,4564647,High income,80%,80%,,,,,,,,,,,,
Slovak Republic,2014,4591995,High income,77%,77%,,,75%,69%,67%,,,,,,,
Slovak Republic,2017,4602002,High income,84%,84%,,,82%,76%,73%,42%,53%,,,,23%,
Slovak Republic,2021,4609787,High income,96%,96%,71%,,95%,93%,83%,68%,72%,57%,79%,4%,56%,3%
Slovenia,2011,1761975,High income,97%,97%,,,,,,,,,,,,
Slovenia,2014,1762843,High income,97%,97%,,,88%,82%,64%,,,,,,,
Slovenia,2017,1759850,High income,98%,98%,,,96%,90%,78%,46%,45%,,,,0%,
Slovenia,2021,1782242,High income,99%,99%,58%,,97%,94%,90%,55%,56%,31%,,,,
Somalia,2014,6833151,Low income,39%,8%,,37%,38%,35%,22%,,,,,,,
South Africa,2011,36020024,Upper middle income,54%,54%,,,,,,,,,,,,
South Africa,2014,37886352,Upper middle income,70%,69%,,14%,66%,53%,58%,,,,,,,
South Africa,2017,39787508,Upper middle income,69%,67%,,19%,60%,43%,49%,8%,10%,,,,,
South Africa,2021,42227120,Upper middle income,85%,84%,38%,37%,81%,70%,66%,14%,28%,44%,53%,18%,10%,
South Sudan,2017,6253138,Low income,9%,9%,,,7%,5%,6%,2%,3%,,,,,
South Sudan,2021,6567611,Low income,6%,5%,,1%,5%,4%,2%,1%,2%,3%,1%,,,
Spain,2011,39686576,High income,93%,93%,,,,,,,,,,,,
Spain,2014,39655828,High income,98%,98%,,,94%,90%,73%,,,,,,,
Spain,2017,39620508,High income,94%,94%,,,90%,88%,56%,54%,48%,,,,0%,
Spain,2021,40533192,High income,98%,98%,64%,,98%,97%,55%,58%,48%,53%,,,,
Sri Lanka,2011,15119658,Lower middle income,69%,69%,,,,,,,,,,,,
Sri Lanka,2014,15428078,Lower middle income,83%,83%,,0%,25%,14%,18%,,,,,,,
Sri Lanka,2017,15988172,Lower middle income,74%,74%,,2%,47%,37%,22%,3%,5%,,,,,
Sri Lanka,2021,16727518,Lower middle income,89%,89%,13%,3%,55%,43%,30%,11%,9%,7%,17%,9%,4%,
Sudan,2011,19692580,Low income,7%,7%,,,,,,,,,,,,
Sudan,2014,21435986,Low income,15%,15%,,,12%,11%,6%,,,,,,,
Sweden,2011,7829992,High income,99%,99%,,,,,,,,,,,,
Sweden,2014,7983539,High income,100%,100%,,,99%,98%,87%,,,,,,,
Sweden,2017,8197626,High income,100%,100%,,,98%,98%,88%,72%,80%,,,,0%,
Sweden,2021,8528795,High income,100%,100%,90%,,99%,98%,91%,78%,82%,79%,,,,
Switzerland,2014,6891442,High income,98%,98%,,,93%,87%,78%,,,,,,,
Switzerland,2017,7131358,High income,98%,98%,,,96%,95%,67%,56%,48%,,,,0%,
Switzerland,2021,7344935,High income,99%,99%,60%,,98%,98%,46%,51%,54%,33%,,,,
Syrian Arab Republic,2011,13375016,Low income,23%,23%,,,,,,,,,,,,
"Taiwan, China",2011,19470772,High income,87%,87%,,,,,,,,,,,,
"Taiwan, China",2014,19984910,High income,91%,91%,,,79%,69%,53%,,,,,,,
"Taiwan, China",2017,20350954,High income,94%,94%,,,77%,69%,52%,43%,24%,,,,0%,
"Taiwan, China",2021,20584760,High income,95%,95%,52%,,88%,81%,65%,56%,38%,38%,,,,
Tajikistan,2011,4841826,Lower middle income,3%,3%,,,,,,,,,,,,
Tajikistan,2014,5195926,Lower middle income,11%,11%,,0%,9%,5%,5%,,,,,,,
Tajikistan,2017,5533483,Lower middle income,47%,47%,,,44%,37%,28%,8%,8%,,,,,
Tajikistan,2021,5982957,Lower middle income,39%,39%,3%,2%,33%,23%,20%,1%,4%,3%,4%,,,
Tanzania,2011,24445748,Lower middle income,17%,17%,,,,,,,,,,,,
Tanzania,2014,26739442,Lower middle income,40%,19%,,32%,36%,34%,28%,,,,,,,
Tanzania,2017,29438308,Lower middle income,47%,21%,,39%,43%,40%,29%,5%,8%,,,,,
Tanzania,2021,33717320,Lower middle income,52%,23%,5%,45%,50%,48%,28%,6%,19%,31%,2%,,,
Thailand,2011,54304496,Upper middle income,73%,73%,,,,,,,,,,,,
Thailand,2014,55543504,Upper middle income,78%,78%,,1%,37%,22%,27%,,,,,,,
Thailand,2017,56800868,Upper middle income,82%,81%,,8%,62%,43%,48%,17%,10%,,,,8%,
Thailand,2021,58246340,Upper middle income,96%,94%,66%,60%,92%,80%,84%,51%,47%,60%,61%,27%,39%,8%
Togo,2011,3674032,Low income,10%,10%,,,,,,,,,,,,
Togo,2014,3996727,Low income,18%,18%,,1%,7%,3%,6%,,,,,,,
Togo,2017,4362945,Low income,45%,34%,,21%,31%,27%,18%,2%,6%,,,,,
Togo,2021,4914562,Low income,50%,25%,5%,36%,44%,42%,25%,1%,12%,33%,2%,,,
Trinidad and Tobago,2011,1052921,High income,76%,76%,,,,,,,,,,,,
Trinidad and Tobago,2017,1093484,High income,81%,81%,,,64%,50%,46%,16%,11%,,,,9%,
Tunisia,2014,8381202,Lower middle income,27%,27%,,1%,17%,13%,9%,,,,,,,
Tunisia,2017,8591175,Lower middle income,37%,37%,,2%,29%,19%,22%,5%,3%,,,,,
Tunisia,2021,8947795,Lower middle income,37%,36%,6%,4%,28%,15%,20%,17%,3%,5%,6%,,2%,
Turkey,2011,52869660,Upper middle income,58%,58%,,,,,,,,,,,,
Turkey,2014,56091336,Upper middle income,57%,57%,,1%,50%,44%,30%,,,,,,,
Turkey,2017,59612044,Upper middle income,69%,68%,,16%,64%,54%,49%,21%,33%,,,,10%,
Turkey,2021,64146560,Upper middle income,74%,73%,37%,18%,68%,62%,47%,30%,42%,34%,43%,13%,22%,5%
Turkmenistan,2011,3585600,Upper middle income,0%,0%,,,,,,,,,,,,
Turkmenistan,2017,3916760,Upper middle income,41%,41%,,,34%,9%,32%,2%,0%,,,,,
Uganda,2011,16508344,Low income,20%,20%,,,,,,,,,,,,
Uganda,2014,18379766,Low income,44%,28%,,35%,40%,39%,31%,,,,,,,
Uganda,2017,20746646,Low income,59%,33%,,51%,55%,51%,40%,4%,8%,,,,,
Uganda,2021,24692876,Low income,66%,37%,15%,54%,63%,61%,43%,9%,25%,48%,8%,,,
Ukraine,2011,39391044,Lower middle income,41%,41%,,,,,,,,,,,,
Ukraine,2014,38776792,Lower middle income,53%,53%,,,48%,34%,44%,,,,,,,
Ukraine,2017,38058352,Lower middle income,63%,63%,,,61%,47%,52%,22%,23%,,,,10%,
Ukraine,2021,37077328,Lower middle income,84%,84%,52%,,81%,75%,62%,42%,47%,40%,56%,6%,26%,2%
United Arab Emirates,2011,7425135,High income,60%,60%,,,,,,,,,,,,
United Arab Emirates,2014,7935036,High income,84%,83%,,11%,77%,68%,56%,,,,,,,
United Arab Emirates,2017,8014351,High income,88%,87%,,21%,84%,76%,67%,50%,45%,,,,0%,
United Arab Emirates,2021,8425228,High income,86%,85%,41%,13%,77%,75%,18%,25%,16%,11%,,,,
United Kingdom,2011,51785084,High income,97%,97%,,,,,,,,,,,,
United Kingdom,2014,52884032,High income,99%,99%,,,97%,96%,85%,,,,,,,
United Kingdom,2017,54070712,High income,96%,96%,,,96%,94%,76%,75%,62%,,,,0%,
United Kingdom,2021,55333460,High income,100%,100%,64%,,99%,99%,67%,64%,52%,51%,,,,
United States,2011,246828208,High income,88%,88%,,,,,,,,,,,,
United States,2014,254058320,High income,94%,94%,,,92%,88%,78%,,,,,,,
United States,2017,261612704,High income,93%,93%,,,91%,89%,65%,70%,64%,,,,0%,
United States,2021,268952128,High income,95%,95%,74%,,93%,91%,69%,75%,66%,46%,,,,
Uruguay,2011,2613435,High income,24%,24%,,,,,,,,,,,,
Uruguay,2014,2661349,High income,46%,45%,,1%,41%,33%,26%,,,,,,,
Uruguay,2017,2707064,High income,64%,64%,,,59%,53%,39%,24%,18%,,,,11%,
Uruguay,2021,2767344,High income,74%,74%,34%,,68%,60%,44%,32%,32%,18%,50%,9%,21%,3%
Uzbekistan,2011,20240648,Lower middle income,23%,23%,,,,,,,,,,,,
Uzbekistan,2014,21642292,Lower middle income,41%,41%,,,38%,36%,22%,,,,,,,
Uzbekistan,2017,22806744,Lower middle income,37%,37%,,,34%,32%,26%,2%,6%,,,,,
Uzbekistan,2021,24373204,Lower middle income,44%,44%,20%,,42%,39%,25%,6%,16%,10%,32%,13%,,
"Venezuela, RB",2011,19934270,,44%,44%,,,,,,,,,,,,
"Venezuela, RB",2014,21123452,,57%,57%,,3%,50%,48%,25%,,,,,,,
"Venezuela, RB",2017,21428076,,73%,73%,,11%,69%,65%,46%,13%,28%,,,,9%,
"Venezuela, RB",2021,20683544,,84%,84%,58%,30%,81%,79%,56%,20%,49%,43%,66%,5%,16%,2%
Vietnam,2011,67183392,Lower middle income,21%,21%,,,,,,,,,,,,
Vietnam,2014,69838360,Lower middle income,31%,31%,,0%,19%,11%,16%,,,,,,,
Vietnam,2017,72068520,Lower middle income,31%,30%,,3%,23%,16%,15%,19%,7%,,,,2%,
Vietnam,2022,74761840,Lower middle income,56%,56%,32%,16%,46%,42%,31%,40%,25%,32%,21%,8%,16%,5%
West Bank and Gaza,2011,2184854,Lower middle income,19%,19%,,,,,,,,,,,,
West Bank and Gaza,2014,2414546,Lower middle income,24%,24%,,,14%,8%,10%,,,,,,,
West Bank and Gaza,2017,2638289,Lower middle income,25%,25%,,,14%,8%,9%,5%,4%,,,,,
West Bank and Gaza,2021,2960680,Lower middle income,34%,33%,3%,2%,21%,14%,14%,15%,3%,2%,6%,,2%,
"Yemen, Rep.",2011,13273957,Low income,4%,4%,,,,,,,,,,,,
"Yemen, Rep.",2014,14730666,Low income,6%,6%,,,4%,1%,4%,,,,,,,
"Yemen, Rep.",2022,18243880,Low income,12%,12%,2%,,9%,4%,8%,2%,2%,5%,1%,,,
Zambia,2011,7171836,Lower middle income,21%,21%,,,,,,,,,,,,
Zambia,2014,7946524,Lower middle income,36%,31%,,12%,29%,22%,20%,,,,,,,
Zambia,2017,8862718,Lower middle income,46%,36%,,28%,39%,33%,29%,5%,9%,,,,,
Zambia,2021,10291819,Lower middle income,49%,24%,10%,42%,46%,44%,29%,2%,18%,33%,8%,,,
Zimbabwe,2011,7414228,Lower middle income,40%,40%,,,,,,,,,,,,
Zimbabwe,2014,7712326,Lower middle income,32%,17%,,22%,30%,28%,21%,,,,,,,
Zimbabwe,2017,8044282,Lower middle income,55%,28%,,49%,53%,49%,39%,4%,7%,,,,,
Zimbabwe,2021,8633711,Lower middle income,60%,29%,12%,51%,58%,56%,33%,2%,21%,28%,48%,6%,,
East Asia & Pacific,2011,1745730944,,60%,60%,,,,,,,,,,,,
East Asia & Pacific,2014,1793015424,,72%,72%,,,48%,38%,36%,,,,,,,
East Asia & Pacific,2017,1838726528,,73%,73%,,,61%,54%,36%,37%,30%,,,,,
East Asia & Pacific,2021,1893003008,,83%,82%,56%,,78%,75%,52%,65%,48%,54%,,,,
Europe & Central Asia,2011,732923712,,69%,69%,,,,,,,,,,,,
Europe & Central Asia,2014,739799936,,78%,78%,,,71%,63%,57%,,,,,,,
Europe & Central Asia,2017,748191680,,81%,81%,,,78%,72%,59%,41%,41%,,,,,
Europe & Central Asia,2021,756580800,,90%,89%,56%,,87%,84%,61%,50%,50%,42%,,,,
Latin America & Caribbean,2011,426676576,,39%,39%,,,,,,,,,,,,
Latin America & Caribbean,2014,448577888,,52%,52%,,,44%,34%,30%,,,,,,,
Latin America & Caribbean,2017,469688800,,55%,54%,,,46%,36%,30%,11%,11%,,,,,
Latin America & Caribbean,2021,496504576,,74%,72%,34%,,66%,59%,43%,27%,34%,28%,,,,
Middle East & North Africa,2011,268381552,,38%,38%,,,,,,,,,,,,
Middle East & North Africa,2017,303918752,,48%,47%,,,38%,28%,28%,10%,12%,,,,,
Middle East & North Africa,2021,326097408,,53%,52%,22%,,46%,37%,31%,21%,18%,17%,,,,
North America,2011,275278368,,89%,89%,,,,,,,,,,,,
North America,2014,283521792,,94%,94%,,,93%,89%,79%,,,,,,,
North America,2017,292033984,,94%,94%,,,92%,90%,66%,70%,65%,,,,,
North America,2021,301014272,,95%,95%,74%,,94%,92%,71%,74%,67%,48%,,,,
Sub-Saharan Africa,2011,488778464,,23%,23%,,,,,,,,,,,,
Sub-Saharan Africa,2014,533070528,,34%,29%,,,28%,23%,21%,,,,,,,
Sub-Saharan Africa,2017,583149696,,43%,33%,,,34%,29%,25%,4%,6%,,,,,
Sub-Saharan Africa,2021,658845120,,55%,40%,15%,,50%,46%,35%,7%,17%,32%,,,,
High income: OECD,2011,,,90%,90%,,,,,,,,,,,,
High income: OECD,2014,,,94%,94%,,,89%,84%,72%,,,,,,,
High income: OECD,2017,,,94%,94%,,,92%,89%,68%,61%,53%,,,,,
High income: OECD,2021,,,97%,97%,66%,,96%,94%,71%,65%,57%,42%,,,,
Arab world,2011,,,22%,22%,,,,,,,,,,,,
Arab world,2014,,,30%,29%,,,21%,16%,13%,,,,,,,
Arab world,2017,,,37%,37%,,,26%,16%,19%,6%,6%,,,,,
Arab world,2021,,,40%,39%,12%,,32%,22%,23%,16%,12%,11%,,,,
Euro area,2011,284313824,,90%,90%,,,,,,,,,,,,
Euro area,2014,285606656,,95%,95%,,,88%,83%,68%,,,,,,,
Euro area,2017,288908448,,95%,95%,,,92%,90%,66%,56%,50%,,,,,
Euro area,2021,291658880,,99%,99%,62%,,97%,96%,60%,58%,52%,38%,,,,
High income,2011,954098880,High income,88%,88%,,,,,,,,,,,,
High income,2014,974348800,High income,93%,93%,,,88%,82%,70%,,,,,,,
High income,2017,995665920,High income,94%,94%,,,90%,87%,67%,59%,52%,,,,,
High income,2021,1016635456,High income,96%,96%,66%,,95%,92%,70%,64%,56%,43%,,,,
Low income,2011,286655648,Low income,10%,10%,,,,,,,,,,,,
Low income,2014,313035008,Low income,19%,15%,,7%,12%,10%,9%,,,,,,,
Low income,2017,342483680,Low income,32%,23%,,15%,22%,18%,15%,2%,3%,,,,,
Low income,2021,387653984,Low income,39%,24%,8%,27%,35%,33%,22%,4%,11%,23%,6%,,,
Lower middle income,2011,1945394048,Lower middle income,30%,30%,,,,,,,,,,,,
Lower middle income,2014,2061744512,Lower middle income,44%,42%,,4%,24%,18%,16%,,,,,,,
Lower middle income,2017,2181283328,Lower middle income,58%,56%,,7%,31%,23%,20%,5%,5%,,,,,
Lower middle income,2021,2343649024,Lower middle income,62%,58%,13%,14%,38%,30%,23%,10%,12%,14%,11%,6%,4%,
Upper middle income,2011,1846008192,Upper middle income,57%,57%,,,,,,,,,,,,
Upper middle income,2014,1897558912,Upper middle income,71%,71%,,1%,48%,37%,37%,,,,,,,
Upper middle income,2017,1947948416,Upper middle income,72%,72%,,2%,61%,52%,37%,32%,29%,,,,25%,
Upper middle income,2021,2008144896,Upper middle income,84%,84%,57%,10%,80%,76%,52%,62%,52%,57%,66%,10%,53%,4%
Middle income,2011,3791281920,,43%,43%,,,,,,,,,,,,
Middle income,2014,3959183360,,57%,56%,,2%,36%,27%,26%,,,,,,,
Middle income,2017,4129118976,,65%,64%,,5%,45%,37%,28%,18%,16%,,,,13%,
Middle income,2021,4351686656,,72%,70%,33%,12%,57%,51%,37%,34%,30%,34%,36%,8%,27%,3%
Developing,2011,4077907968,,42%,42%,,,,,,,,,,,,
Developing,2014,4272187136,,55%,54%,,2%,35%,26%,25%,,,,,,,
Developing,2017,4471570944,,63%,61%,,5%,44%,36%,27%,17%,16%,,,,12%,
Developing,2021,4739308032,,71%,69%,32%,13%,57%,51%,36%,33%,29%,33%,36%,7%,26%,2%
East Asia & Pacific (excluding high income),2011,1540547200,,55%,55%,,,,,,,,,,,,
East Asia & Pacific (excluding high income),2014,1584556800,,69%,69%,,0%,43%,32%,32%,,,,,,,
East Asia & Pacific (excluding high income),2017,1627196672,,70%,70%,,1%,57%,50%,32%,35%,29%,,,,28%,
East Asia & Pacific (excluding high income),2021,1679088128,,81%,80%,55%,6%,76%,73%,48%,66%,49%,57%,63%,9%,56%,4%
Europe & Central Asia (excluding high income),2011,320032896,,44%,44%,,,,,,,,,,,,
Europe & Central Asia (excluding high income),2014,323806528,,58%,58%,,0%,49%,38%,40%,,,,,,,
Europe & Central Asia (excluding high income),2017,327108096,,65%,65%,,3%,60%,49%,48%,20%,26%,,,,10%,
Europe & Central Asia (excluding high income),2021,331001824,,78%,77%,45%,17%,74%,67%,57%,35%,44%,41%,53%,8%,26%,3%
Latin America & Caribbean (excluding high income),2011,385818432,,39%,39%,,,,,,,,,,,,
Latin America & Caribbean (excluding high income),2014,405912640,,52%,51%,,2%,43%,34%,30%,,,,,,,
Latin America & Caribbean (excluding high income),2017,426065184,,54%,54%,,5%,45%,35%,30%,10%,10%,,,,5%,
Latin America & Caribbean (excluding high income),2021,452677120,,73%,71%,33%,23%,65%,58%,42%,26%,33%,28%,38%,12%,20%,4%
Middle East & North Africa (excluding high income),2011,228619264,,33%,33%,,,,,,,,,,,,
Middle East & North Africa (excluding high income),2017,255148128,,43%,43%,,6%,33%,23%,25%,7%,9%,,,,,
Middle East & North Africa (excluding high income),2021,273163360,,48%,47%,16%,6%,40%,30%,28%,15%,12%,12%,5%,,2%,
South Asia,2011,1114356608,,32%,32%,,,,,,,,,,,,
South Asia,2014,1182769792,,46%,46%,,3%,19%,14%,10%,,,,,,,
South Asia,2017,1253113856,,69%,68%,,4%,28%,20%,15%,2%,3%,,,,,
South Asia,2021,1344724608,,68%,66%,10%,12%,34%,25%,19%,7%,9%,10%,9%,,,
Sub-Saharan Africa (excluding high income),2011,488709184,,23%,23%,,,,,,,,,,,,
Sub-Saharan Africa (excluding high income),2014,533001184,,34%,29%,,12%,28%,23%,21%,,,,,,,
Sub-Saharan Africa (excluding high income),2017,583077120,,43%,33%,,21%,34%,29%,25%,4%,6%,,,,,
Sub-Saharan Africa (excluding high income),2021,658770048,,55%,40%,15%,33%,50%,46%,35%,7%,17%,32%,15%,6%,,
World,2011,5051901952,,51%,51%,,,,,,,,,,,,
World,2014,5267619840,,62%,61%,,2%,44%,36%,33%,,,,,,,
World,2017,5488623616,,68%,67%,,4%,52%,45%,34%,24%,22%,,,,,
World,2021,5776584704,,76%,74%,39%,10%,64%,59%,43%,39%,34%,35%,,,,